Date,Close/Last,Volume,Open,High,Low
07/25/2023,$47.17,14188200,$47.20,$47.73,$46.93
07/24/2023,$47.32,16669820,$47.06,$47.55,$46.84
07/21/2023,$47.23,20181240,$46.55,$47.34,$46.2804
07/20/2023,$46.57,23085270,$46.07,$47.50,$45.86
07/19/2023,$47.12,21990940,$47.10,$47.90,$46.55
07/18/2023,$47.41,42620240,$45.34,$47.75,$45.34
07/17/2023,$45.51,21937910,$44.68,$45.65,$44.50
07/14/2023,$44.75,22054800,$45.905,$46.40,$44.56
07/13/2023,$45.64,21193220,$45.21,$45.935,$44.6218
07/12/2023,$44.52,21830120,$45.00,$45.22,$43.97
07/11/2023,$44.36,32164970,$42.10,$44.67,$41.746
07/10/2023,$42.78,15821820,$42.58,$43.20,$42.44
07/07/2023,$42.91,14937560,$42.07,$43.12,$41.9412
07/06/2023,$42.11,18048160,$42.99,$43.00,$41.87
07/05/2023,$43.66,15730400,$42.89,$43.88,$42.89
07/03/2023,$43.09,7578076,$43.17,$43.40,$42.58
06/30/2023,$43.17,17589240,$43.11,$43.4299,$42.92
06/29/2023,$42.58,28595290,$44.09,$44.28,$42.11
06/28/2023,$44.24,28187370,$43.50,$45.24,$43.32
06/27/2023,$43.83,29652070,$44.69,$44.83,$43.75
06/26/2023,$44.42,33692970,$43.75,$45.04,$43.68
06/23/2023,$43.34,23186640,$42.59,$43.755,$42.33
06/22/2023,$42.81,19542080,$42.30,$43.87,$42.21
06/21/2023,$42.66,21916500,$42.50,$43.2178,$41.77
06/20/2023,$42.17,19936200,$42.77,$43.47,$42.02
06/16/2023,$43.52,27986350,$43.07,$43.665,$42.53
06/15/2023,$43.36,41477790,$41.02,$43.75,$40.94
06/14/2023,$41.27,15077580,$41.30,$41.59,$40.57
06/13/2023,$41.41,16659590,$41.75,$41.83,$40.89
06/12/2023,$41.74,16016440,$41.26,$41.745,$41.06
06/09/2023,$40.99,21980660,$40.05,$41.00,$40.02
06/08/2023,$40.26,20301810,$39.18,$40.63,$39.04
06/07/2023,$38.99,23653910,$40.24,$40.25,$38.61
06/06/2023,$40.25,14570120,$40.249,$40.73,$39.93
06/05/2023,$40.42,24218600,$39.50,$40.79,$39.525
06/02/2023,$39.73,21218950,$39.00,$39.89,$39.00
06/01/2023,$38.48,17115300,$37.50,$38.50,$37.265
05/31/2023,$37.93,34506310,$37.25,$38.05,$37.07
05/30/2023,$37.56,18143190,$38.73,$39.06,$37.56
05/26/2023,$38.45,14438770,$38.24,$38.76,$38.22
05/25/2023,$37.95,18634220,$38.48,$38.585,$37.525
05/24/2023,$37.96,22074720,$38.05,$38.66,$37.77
05/23/2023,$38.66,18679370,$38.99,$39.65,$38.51
05/22/2023,$39.17,27581560,$39.13,$40.50,$39.076
05/19/2023,$39.18,19785500,$39.25,$39.49,$38.915
05/18/2023,$39.25,27828120,$37.98,$39.49,$37.76
05/17/2023,$37.84,19534400,$37.73,$37.955,$37.36
05/16/2023,$37.44,21836860,$37.93,$38.15,$37.44
05/15/2023,$38.14,17826610,$38.34,$38.48,$37.99
05/12/2023,$38.45,21626040,$38.64,$39.23,$38.20
05/11/2023,$38.42,16515580,$38.64,$39.18,$38.34
05/10/2023,$38.79,19531550,$38.60,$38.95,$38.1699
05/09/2023,$38.19,19393600,$38.49,$38.58,$37.905
05/08/2023,$38.83,30992060,$37.82,$38.93,$37.48
05/05/2023,$37.75,24682890,$37.48,$37.95,$36.87
05/04/2023,$37.49,44819400,$37.48,$37.80,$36.685
05/03/2023,$37.84,68580800,$36.75,$38.35,$36.35
05/02/2023,$36.52,102993500,$35.02,$36.625,$34.23
05/01/2023,$32.74,49867120,$32.00,$33.00,$31.76
04/28/2023,$31.05,28516090,$29.62,$31.27,$29.415
04/27/2023,$29.70,27293660,$30.07,$30.1699,$29.22
04/26/2023,$29.68,14277140,$29.70,$30.12,$29.465
04/25/2023,$29.59,20399240,$30.34,$30.47,$29.5539
04/24/2023,$30.68,14596160,$30.68,$31.06,$30.23
04/21/2023,$30.83,40543150,$31.36,$31.46,$29.71
04/20/2023,$31.50,12747080,$31.52,$32.04,$31.40
04/19/2023,$32.04,13821970,$31.35,$32.37,$31.16
04/18/2023,$31.73,18698560,$32.37,$32.93,$31.61
04/17/2023,$32.08,25206220,$32.19,$32.19,$31.63
04/14/2023,$31.48,11851870,$31.31,$31.62,$30.9302
04/13/2023,$31.44,15079610,$30.835,$31.59,$30.69
04/12/2023,$30.59,15964930,$31.19,$31.4499,$30.40
04/11/2023,$31.12,16906490,$31.75,$31.80,$30.88
04/10/2023,$31.74,16463110,$30.96,$31.785,$30.61
04/06/2023,$31.18,14486920,$30.93,$31.49,$30.50
04/05/2023,$31.12,17243300,$30.95,$31.235,$30.47
04/04/2023,$31.39,15146850,$31.94,$32.1295,$31.285
04/03/2023,$31.46,23529100,$31.50,$31.755,$31.1674
03/31/2023,$31.70,14824600,$31.42,$31.845,$31.21
03/30/2023,$31.19,16261300,$31.50,$31.85,$30.88
03/29/2023,$30.87,18917520,$30.62,$30.90,$30.20
03/28/2023,$30.07,23087310,$30.53,$30.8599,$29.98
03/27/2023,$30.62,17917990,$31.03,$31.04,$30.14
03/24/2023,$30.75,14786750,$30.94,$31.15,$30.29
03/23/2023,$31.18,16806900,$31.88,$32.2001,$30.7503
03/22/2023,$31.52,24636360,$32.58,$32.72,$31.50
03/21/2023,$32.86,19780180,$32.33,$33.14,$32.23
03/20/2023,$31.93,14157850,$31.60,$32.36,$31.46
03/17/2023,$31.78,27102500,$32.38,$32.47,$31.51
03/16/2023,$32.73,20088660,$31.59,$32.90,$31.55
03/15/2023,$31.97,28434860,$31.83,$32.235,$31.385
03/14/2023,$32.36,34241850,$32.94,$33.42,$32.16
03/13/2023,$30.82,24302640,$30.585,$31.085,$29.97
03/10/2023,$31.11,32553610,$32.00,$32.035,$30.77
03/09/2023,$32.32,27629680,$34.41,$34.52,$32.28
03/08/2023,$34.01,16174270,$34.01,$34.63,$33.52
03/07/2023,$34.14,25538360,$33.85,$35.00,$33.60
03/06/2023,$33.88,18903010,$34.585,$35.11,$33.85
03/03/2023,$34.57,14990370,$34.00,$34.59,$33.80
03/02/2023,$33.69,17976270,$32.54,$33.80,$32.23
03/01/2023,$32.99,14404670,$33.43,$33.58,$32.89
02/28/2023,$33.26,17144020,$33.75,$34.00,$33.165
02/27/2023,$33.55,19079080,$33.675,$33.85,$33.06
02/24/2023,$33.40,19101000,$33.70,$33.92,$33.02
02/23/2023,$34.47,23661720,$34.79,$34.7999,$33.70
02/22/2023,$34.54,23294040,$34.35,$35.17,$34.22
02/21/2023,$34.20,24696830,$33.78,$34.39,$33.49
02/17/2023,$34.77,27946730,$35.96,$36.23,$34.57
02/16/2023,$36.22,28202690,$35.60,$36.73,$35.452
02/15/2023,$36.23,31492170,$35.01,$36.24,$34.715
02/14/2023,$35.23,38856460,$33.11,$35.36,$32.7239
02/13/2023,$33.44,35043740,$34.50,$34.52,$33.35
02/10/2023,$34.30,41936380,$34.40,$35.3986,$34.05
02/09/2023,$35.89,44068510,$36.89,$37.36,$35.65
02/08/2023,$36.83,109597800,$37.43,$37.58,$34.50
02/07/2023,$34.90,59374040,$33.66,$35.06,$33.41
02/06/2023,$33.90,33594930,$33.53,$34.21,$32.90
02/03/2023,$33.09,25804880,$32.17,$33.95,$32.15
02/02/2023,$33.05,32045470,$32.42,$33.47,$32.42
02/01/2023,$31.49,21206350,$30.88,$31.85,$30.64
01/31/2023,$30.93,15611530,$29.75,$30.96,$29.74
01/30/2023,$29.63,17969730,$30.20,$30.54,$29.59
01/27/2023,$30.36,18223990,$29.70,$30.5968,$29.50
01/26/2023,$30.02,25383590,$30.53,$30.6472,$29.31
01/25/2023,$30.29,14488140,$29.22,$30.40,$28.80
01/24/2023,$29.93,14464360,$25.71,$31.20,$25.71
01/23/2023,$30.53,22041060,$30.63,$31.11,$30.265
01/20/2023,$30.36,23008700,$29.30,$30.39,$29.12
01/19/2023,$29.03,15651530,$28.47,$29.2854,$28.34
01/18/2023,$28.96,25257240,$29.95,$30.09,$28.885
01/17/2023,$29.20,20816490,$29.44,$29.78,$28.955
01/13/2023,$29.44,16940710,$28.68,$29.50,$28.66
01/12/2023,$29.03,17513400,$28.85,$29.185,$28.20
01/11/2023,$28.35,15421720,$28.24,$28.52,$27.92
01/10/2023,$28.04,15413740,$27.40,$28.25,$27.15
01/09/2023,$27.40,24962060,$27.30,$28.05,$27.15
01/06/2023,$26.40,19443750,$25.86,$26.54,$25.40
01/05/2023,$25.55,9942038,$25.73,$26.01,$25.55
01/04/2023,$25.91,14815960,$25.73,$25.97,$25.32
01/03/2023,$25.36,22155280,$25.37,$25.75,$25.02
12/30/2022,$24.73,20474050,$24.42,$24.85,$24.24
12/29/2022,$24.91,17828300,$24.75,$25.375,$24.29
12/28/2022,$24.59,15669210,$24.21,$24.72,$24.02
12/27/2022,$24.40,15258600,$24.29,$24.70,$23.90
12/23/2022,$24.64,11610050,$24.46,$24.725,$24.162
12/22/2022,$24.64,23752730,$24.93,$25.10,$24.0415
12/21/2022,$25.36,20444480,$25.15,$25.67,$24.8709
12/20/2022,$24.96,28536480,$24.72,$25.28,$24.61
12/19/2022,$24.95,35616090,$26.02,$26.02,$24.69
12/16/2022,$25.97,22684200,$26.06,$26.45,$25.66
12/15/2022,$26.24,19383730,$26.98,$27.11,$25.88
12/14/2022,$27.47,19427280,$27.07,$27.82,$26.77
12/13/2022,$26.98,27635360,$28.03,$28.455,$26.91
12/12/2022,$27.03,16483630,$26.42,$27.23,$26.11
12/09/2022,$26.55,14253510,$26.40,$26.96,$26.24
12/08/2022,$26.45,14909650,$26.52,$27.03,$26.2761
12/07/2022,$26.40,21193950,$26.61,$26.87,$26.02
12/06/2022,$26.92,19772910,$27.70,$27.86,$26.70
12/05/2022,$27.70,17486340,$28.41,$28.86,$27.65
12/02/2022,$28.75,15980530,$27.38,$28.78,$27.19
12/01/2022,$28.34,18066600,$29.22,$29.60,$28.30
11/30/2022,$29.14,18177030,$27.80,$29.14,$27.64
11/29/2022,$27.76,15007820,$28.05,$28.23,$27.58
11/28/2022,$27.76,11126990,$28.11,$28.655,$27.73
11/25/2022,$28.50,5200356,$28.71,$28.88,$28.24
11/23/2022,$28.79,12964920,$28.36,$28.94,$28.14
11/22/2022,$28.08,20368640,$28.27,$28.33,$27.3117
11/21/2022,$28.25,16159380,$28.52,$28.71,$28.01
11/18/2022,$28.96,15676270,$29.21,$29.405,$28.70
11/17/2022,$28.88,22684060,$29.10,$29.50,$28.40
11/16/2022,$30.04,26540200,$30.95,$31.16,$29.83
11/15/2022,$31.57,43066490,$30.25,$31.815,$30.00
11/14/2022,$29.07,24426190,$28.85,$29.70,$28.79
11/11/2022,$29.15,35861060,$28.95,$30.435,$28.70
11/10/2022,$28.85,35196920,$28.38,$29.32,$28.10
11/09/2022,$26.55,21186270,$27.31,$28.005,$26.44
11/08/2022,$27.44,27033900,$27.57,$28.33,$26.82
11/07/2022,$27.69,19204080,$28.705,$28.825,$27.615
11/04/2022,$28.39,22304190,$29.44,$29.725,$28.04
11/03/2022,$28.73,28033210,$28.03,$29.52,$27.71
11/02/2022,$28.81,37083450,$29.57,$30.16,$28.63
11/01/2022,$29.75,87994010,$30.07,$30.9999,$29.12
10/31/2022,$26.57,37327040,$27.61,$27.73,$26.30
10/28/2022,$27.50,27116700,$27.81,$27.88,$26.49
10/27/2022,$27.82,16768630,$28.40,$28.76,$27.66
10/26/2022,$28.20,17349540,$28.17,$28.9801,$27.865
10/25/2022,$28.36,17366380,$28.00,$28.545,$27.33
10/24/2022,$27.65,19194220,$27.71,$27.98,$26.51
10/21/2022,$28.02,20651550,$27.50,$28.435,$27.16
10/20/2022,$27.87,20835270,$27.32,$28.68,$27.24
10/19/2022,$27.53,15428470,$27.06,$27.73,$26.85
10/18/2022,$27.61,25643310,$27.07,$27.71,$26.495
10/17/2022,$25.94,25074910,$25.26,$26.265,$25.08
10/14/2022,$24.71,22553950,$25.65,$26.07,$24.66
10/13/2022,$25.00,32838500,$24.47,$26.025,$24.19
10/12/2022,$25.98,30945850,$25.05,$26.115,$24.56
10/11/2022,$24.66,92468790,$25.545,$26.05,$22.94
10/10/2022,$27.53,13413530,$28.24,$28.45,$27.23
10/07/2022,$28.07,19690230,$28.83,$28.86,$27.92
10/06/2022,$29.73,25399520,$29.20,$30.24,$28.96
10/05/2022,$29.18,21458520,$28.48,$29.65,$28.31
10/04/2022,$29.19,25462210,$27.625,$29.25,$27.5995
10/03/2022,$26.72,19940790,$26.76,$26.90,$25.96
09/30/2022,$26.50,23894900,$26.16,$27.31,$26.16
09/29/2022,$26.42,26170830,$27.66,$27.72,$26.00
09/28/2022,$28.04,21290380,$27.43,$28.16,$27.19
09/27/2022,$27.57,22392780,$27.67,$28.49,$27.16
09/26/2022,$26.89,24953820,$27.71,$28.16,$26.82
09/23/2022,$27.82,26472610,$28.01,$28.34,$27.36
09/22/2022,$28.58,29038110,$30.19,$30.19,$28.53
09/21/2022,$30.47,22328370,$31.45,$31.675,$30.35
09/20/2022,$31.49,23652410,$31.49,$32.56,$31.19
09/19/2022,$31.49,22867570,$31.44,$31.98,$31.06
09/16/2022,$31.93,50970680,$30.96,$32.145,$30.88
09/15/2022,$33.13,41849090,$32.95,$34.325,$32.7401
09/14/2022,$33.05,34493390,$31.25,$33.14,$31.10
09/13/2022,$31.32,29364740,$30.69,$31.78,$30.22
09/12/2022,$32.50,29349910,$31.95,$32.62,$31.85
09/09/2022,$31.78,28055860,$31.00,$32.05,$30.89
09/08/2022,$30.68,29393510,$29.42,$30.90,$29.29
09/07/2022,$30.03,20632170,$28.91,$30.15,$28.82
09/06/2022,$28.89,20422800,$29.34,$29.37,$28.28
09/02/2022,$29.05,14604360,$29.50,$29.635,$28.6499
09/01/2022,$28.92,17828090,$28.17,$28.95,$27.69
08/31/2022,$28.76,20740660,$29.11,$29.8799,$28.75
08/30/2022,$28.71,24409320,$29.18,$29.29,$28.12
08/29/2022,$28.74,17245100,$28.10,$29.19,$28.06
08/26/2022,$28.58,16490810,$29.51,$29.71,$28.3601
08/25/2022,$29.62,15470920,$28.89,$29.64,$28.81
08/24/2022,$28.71,20022520,$27.93,$29.22,$27.85
08/23/2022,$27.81,24298330,$28.06,$28.675,$27.75
08/22/2022,$28.00,20233070,$28.34,$28.805,$27.87
08/19/2022,$29.01,24180910,$29.50,$29.57,$28.63
08/18/2022,$30.15,20831620,$30.56,$30.62,$29.86
08/17/2022,$30.72,24239350,$31.65,$31.71,$30.44
08/16/2022,$32.38,28072340,$32.08,$32.725,$31.33
08/15/2022,$32.49,14149210,$32.10,$32.91,$31.93
08/12/2022,$32.47,21950690,$32.59,$32.76,$31.70
08/11/2022,$32.24,24624630,$33.16,$33.36,$32.0415
08/10/2022,$32.80,31318070,$32.44,$33.19,$32.23
08/09/2022,$31.06,27042940,$31.37,$31.55,$30.72
08/08/2022,$31.85,28064920,$32.33,$32.955,$31.66
08/05/2022,$32.01,39963620,$31.20,$32.63,$31.04
08/04/2022,$31.85,55573600,$29.78,$32.23,$29.60
08/03/2022,$30.19,62061200,$29.72,$31.43,$29.36
08/02/2022,$29.25,107926300,$28.49,$29.43,$27.10
08/01/2022,$24.60,46960680,$23.43,$24.62,$22.885
07/29/2022,$23.45,29406650,$23.18,$23.485,$22.39
07/28/2022,$23.31,22886080,$22.89,$23.42,$22.14
07/27/2022,$23.09,28384350,$23.00,$23.3199,$22.49
07/26/2022,$22.55,24402800,$23.15,$23.15,$22.45
07/25/2022,$23.35,12923040,$23.27,$23.54,$22.63
07/22/2022,$23.30,20209440,$24.33,$24.81,$23.085
07/21/2022,$24.23,18425360,$24.02,$24.25,$23.60
07/20/2022,$24.12,27844620,$22.89,$24.22,$22.805
07/19/2022,$22.67,23148940,$22.75,$23.08,$22.19
07/18/2022,$22.58,30935860,$22.17,$23.20,$22.11
07/15/2022,$21.67,24503630,$21.00,$21.78,$20.765
07/14/2022,$20.65,31561680,$21.25,$21.465,$20.5905
07/13/2022,$21.50,18994920,$20.93,$21.61,$20.72
07/12/2022,$21.57,17373540,$21.28,$21.78,$20.975
07/11/2022,$21.19,17562120,$21.95,$22.25,$21.14
07/08/2022,$22.34,20231300,$22.43,$22.96,$21.8321
07/07/2022,$22.74,23121890,$21.64,$22.7589,$21.61
07/06/2022,$21.50,32689430,$21.50,$22.08,$21.32
07/05/2022,$22.52,24515800,$21.17,$22.55,$20.83
07/01/2022,$21.34,20693310,$20.70,$21.37,$20.43
06/30/2022,$20.46,30882450,$21.11,$21.1255,$19.895
06/29/2022,$21.47,30704790,$22.11,$22.15,$21.08
06/28/2022,$22.08,24360150,$22.97,$23.46,$22.04
06/27/2022,$22.86,27153350,$23.45,$23.64,$22.345
06/24/2022,$23.03,38140100,$22.48,$23.19,$22.30
06/23/2022,$22.37,27010550,$21.63,$22.44,$21.39
06/22/2022,$21.50,32353320,$21.41,$22.21,$21.30
06/21/2022,$21.76,35257650,$22.00,$22.46,$21.69
06/17/2022,$21.81,46728430,$20.37,$21.96,$20.37
06/16/2022,$20.47,55312350,$21.04,$21.40,$20.155
06/15/2022,$22.03,36073710,$21.34,$22.39,$21.24
06/14/2022,$21.09,43006330,$21.72,$21.9523,$20.8936
06/13/2022,$21.57,33130330,$22.22,$22.585,$21.3429
06/10/2022,$23.72,29897400,$24.80,$24.9709,$23.65
06/09/2022,$25.44,42149560,$25.94,$26.69,$25.355
06/08/2022,$25.83,31225310,$25.70,$26.55,$25.30
06/07/2022,$25.30,27453720,$24.20,$25.70,$24.07
06/06/2022,$24.73,29834680,$24.86,$25.435,$24.28
06/03/2022,$24.15,24283630,$24.17,$24.495,$23.725
06/02/2022,$24.74,30691100,$23.07,$24.83,$22.94
06/01/2022,$22.94,26383610,$23.53,$23.87,$22.565
05/31/2022,$23.20,33194790,$23.50,$23.90,$23.034
05/27/2022,$23.67,29710160,$23.49,$24.13,$23.33
05/26/2022,$23.10,30199400,$22.15,$23.28,$21.925
05/25/2022,$22.04,31270770,$21.71,$22.355,$21.275
05/24/2022,$21.55,40726060,$23.69,$23.74,$21.41
05/23/2022,$23.78,35204800,$23.32,$23.83,$22.71
05/20/2022,$23.35,32104720,$23.81,$24.10,$22.41
05/19/2022,$23.24,36461190,$22.29,$23.81,$22.20
05/18/2022,$22.46,35747320,$23.98,$24.1882,$22.34
05/17/2022,$24.20,33859420,$24.32,$24.90,$23.59
05/16/2022,$23.59,27285200,$24.31,$24.46,$23.40
05/13/2022,$24.39,53577610,$23.88,$24.8711,$23.68
05/12/2022,$23.29,63999350,$22.15,$24.06,$21.69
05/11/2022,$22.57,51137730,$23.28,$24.15,$22.50
05/10/2022,$23.67,47982540,$23.85,$24.55,$22.80
05/09/2022,$23.05,58095900,$25.41,$26.065,$22.80
05/06/2022,$26.07,56575090,$26.84,$26.84,$24.75
05/05/2022,$26.83,52804190,$27.87,$28.83,$26.20
05/04/2022,$28.10,115601800,$27.41,$28.40,$25.90
05/03/2022,$29.47,58340740,$30.15,$30.59,$28.85
05/02/2022,$30.39,45650980,$31.24,$31.35,$29.51
04/29/2022,$31.48,24948560,$32.52,$33.15,$31.41
04/28/2022,$32.82,30251630,$31.00,$32.87,$30.98
04/27/2022,$30.68,30762550,$31.10,$31.98,$30.16
04/26/2022,$31.33,26981910,$32.04,$32.20,$31.00
04/25/2022,$32.44,29416340,$30.59,$32.50,$30.46
04/22/2022,$30.83,22748880,$31.62,$32.225,$30.80
04/21/2022,$31.68,32937080,$34.25,$34.41,$31.37
04/20/2022,$33.21,21330540,$33.99,$34.32,$33.18
04/19/2022,$33.80,23319580,$32.16,$33.99,$31.97
04/18/2022,$31.79,24413830,$32.55,$32.605,$31.42
04/14/2022,$32.68,18763000,$32.86,$33.465,$32.64
04/13/2022,$32.63,20186410,$32.00,$33.11,$31.93
04/12/2022,$31.99,32619820,$32.40,$33.095,$31.71
04/11/2022,$32.04,19680280,$31.36,$32.69,$31.11
04/08/2022,$32.05,17991010,$31.92,$32.551,$31.58
04/07/2022,$32.27,34581040,$33.34,$33.34,$31.02
04/06/2022,$33.41,28854790,$33.855,$34.00,$32.55
04/05/2022,$34.96,20984150,$36.35,$36.61,$34.72
04/04/2022,$36.51,20230460,$36.40,$36.93,$36.215
04/01/2022,$35.98,16793290,$35.68,$36.48,$35.40
03/31/2022,$35.68,20608650,$36.50,$36.73,$35.37
03/30/2022,$36.58,22306540,$36.66,$37.0885,$36.205
03/29/2022,$37.19,37969050,$35.57,$37.45,$35.57
03/28/2022,$34.77,22175230,$34.14,$34.91,$33.73
03/25/2022,$34.06,28078800,$34.55,$34.92,$33.55
03/24/2022,$34.70,52533580,$34.74,$34.95,$33.44
03/23/2022,$33.06,19024730,$32.71,$33.68,$32.57
03/22/2022,$33.35,21852810,$31.93,$33.60,$31.84
03/21/2022,$31.98,35200550,$32.82,$32.82,$31.25
03/18/2022,$33.36,35827780,$32.52,$33.42,$32.33
03/17/2022,$32.85,27278650,$32.34,$32.92,$31.57
03/16/2022,$32.61,34688770,$30.53,$32.635,$30.27
03/15/2022,$29.80,33060460,$29.52,$30.41,$29.06
03/14/2022,$29.27,41897400,$30.51,$30.55,$28.80
03/11/2022,$30.76,29454690,$31.30,$31.39,$30.42
03/10/2022,$30.41,30785880,$30.86,$31.145,$29.84
03/09/2022,$31.50,33734510,$31.75,$32.73,$31.20
03/08/2022,$30.74,55014740,$28.51,$31.57,$28.2777
03/07/2022,$28.57,60265810,$31.48,$31.9384,$28.55
03/04/2022,$29.83,52160490,$31.50,$31.73,$29.27
03/03/2022,$31.72,38337650,$34.22,$34.2914,$31.415
03/02/2022,$34.04,26112460,$34.00,$34.22,$32.97
03/01/2022,$33.89,31436210,$35.45,$35.60,$33.65
02/28/2022,$36.03,44865190,$35.26,$36.31,$34.9845
02/25/2022,$34.98,23691460,$34.84,$35.2717,$34.01
02/24/2022,$34.87,42978100,$29.97,$34.95,$29.71
02/23/2022,$32.39,27254850,$33.89,$34.2099,$32.30
02/22/2022,$33.68,28731340,$34.21,$35.10,$33.28
02/18/2022,$34.68,28199910,$35.52,$36.325,$34.67
02/17/2022,$35.71,28432070,$36.13,$37.43,$35.41
02/16/2022,$36.58,33165890,$36.63,$37.39,$36.27
02/15/2022,$37.09,38183480,$35.44,$37.21,$35.11
02/14/2022,$34.59,44556750,$35.20,$35.99,$34.32
02/11/2022,$35.29,72568420,$37.96,$38.65,$34.48
02/10/2022,$37.75,113915000,$41.00,$42.56,$37.35
02/09/2022,$40.19,52614110,$38.81,$40.40,$38.16
02/08/2022,$38.34,25857620,$37.25,$38.57,$36.95
02/07/2022,$37.54,30303150,$36.985,$39.05,$36.985
02/04/2022,$37.05,33082060,$35.00,$37.355,$34.36
02/03/2022,$34.54,32192060,$36.08,$36.74,$34.30
02/02/2022,$37.17,19591120,$38.53,$38.62,$37.03
02/01/2022,$38.61,19669920,$37.63,$38.705,$37.20
01/31/2022,$37.40,22899350,$35.34,$37.54,$35.30
01/28/2022,$35.21,28007150,$34.17,$35.22,$32.81
01/27/2022,$34.09,26086750,$35.37,$35.79,$33.94
01/26/2022,$34.80,29495870,$36.07,$36.68,$34.45
01/25/2022,$34.82,29576950,$35.47,$36.09,$34.515
01/24/2022,$36.28,49280930,$34.91,$36.42,$33.51
01/21/2022,$35.94,41836760,$37.41,$37.60,$35.845
01/20/2022,$37.82,21720080,$38.29,$39.64,$37.75
01/19/2022,$37.86,35552500,$38.21,$38.89,$37.115
01/18/2022,$38.41,36902200,$40.96,$40.96,$38.37
01/14/2022,$41.51,25817800,$42.40,$42.72,$40.355
01/13/2022,$42.87,17190080,$43.34,$43.92,$42.725
01/12/2022,$43.04,18993870,$43.99,$44.10,$42.535
01/11/2022,$43.62,22160980,$42.36,$44.17,$42.19
01/10/2022,$42.60,29783760,$41.48,$42.81,$40.16
01/07/2022,$41.51,24875830,$42.00,$42.65,$41.20
01/06/2022,$42.03,32434250,$43.11,$44.08,$40.97
01/05/2022,$43.24,28498660,$44.29,$45.90,$42.86
01/04/2022,$44.42,30845320,$44.23,$44.80,$42.58
01/03/2022,$43.95,26364970,$42.48,$44.405,$41.89
12/31/2021,$41.93,13746890,$42.53,$43.12,$41.93
12/30/2021,$42.66,13516260,$42.29,$43.34,$42.20
12/29/2021,$42.46,15908610,$42.72,$42.93,$41.815
12/28/2021,$42.54,21480950,$42.60,$43.74,$42.30
12/27/2021,$42.96,28284980,$43.44,$44.24,$42.8201
12/23/2021,$43.91,21763420,$43.03,$44.35,$42.76
12/22/2021,$43.02,27675670,$41.95,$43.23,$41.45
12/21/2021,$41.97,28385160,$39.82,$42.08,$39.82
12/20/2021,$39.70,28153740,$38.45,$40.1491,$38.08
12/17/2021,$39.68,51048120,$37.20,$40.00,$36.74
12/16/2021,$37.70,31478390,$38.25,$38.5765,$37.125
12/15/2021,$37.83,37612570,$36.91,$38.375,$36.24
12/14/2021,$37.26,45491730,$35.25,$38.45,$35.21
12/13/2021,$35.73,38394720,$36.18,$36.308,$34.88
12/10/2021,$36.67,25760610,$37.41,$37.87,$36.61
12/09/2021,$37.54,22994810,$38.44,$38.70,$37.475
12/08/2021,$38.81,29688550,$38.30,$39.41,$38.01
12/07/2021,$38.08,40443330,$39.40,$40.22,$37.76
12/06/2021,$38.49,36689190,$35.95,$38.69,$35.44
12/03/2021,$35.85,47392730,$37.42,$37.84,$35.26
12/02/2021,$38.12,32266970,$36.55,$38.395,$36.45
12/01/2021,$36.02,47369180,$39.45,$39.50,$35.80
11/30/2021,$38.00,55268520,$39.25,$39.95,$37.035
11/29/2021,$39.70,27724440,$41.06,$41.25,$38.78
11/26/2021,$40.52,35453590,$39.61,$40.62,$38.77
11/24/2021,$42.08,17118200,$42.00,$42.37,$41.24
11/23/2021,$42.68,18099400,$42.38,$43.1399,$41.60
11/22/2021,$42.60,31355200,$43.96,$44.40,$41.805
11/19/2021,$44.23,21465520,$43.93,$44.72,$43.50
11/18/2021,$45.00,27839870,$44.53,$45.325,$43.575
11/17/2021,$44.11,25036350,$45.36,$45.64,$43.90
11/16/2021,$45.76,46219690,$45.54,$46.66,$44.8607
11/15/2021,$43.61,19690000,$45.11,$45.26,$43.56
11/12/2021,$45.12,29804570,$43.57,$45.13,$43.57
11/11/2021,$43.28,27307790,$43.32,$43.72,$42.44
11/10/2021,$43.38,33712210,$44.90,$45.25,$42.60
11/09/2021,$45.51,33588850,$45.91,$45.98,$43.68
11/08/2021,$45.89,25257850,$47.08,$47.645,$45.82
11/05/2021,$47.19,45641490,$47.50,$48.74,$46.61
11/04/2021,$45.27,31903050,$45.54,$46.53,$44.99
11/03/2021,$45.72,38499590,$45.33,$46.26,$44.71
11/02/2021,$42.89,28002580,$44.34,$44.35,$42.3309
11/01/2021,$44.36,20983930,$44.07,$45.025,$43.65
10/29/2021,$43.82,18283200,$44.49,$44.80,$43.57
10/28/2021,$44.62,14768790,$45.00,$45.4117,$44.3833
10/27/2021,$44.73,26999750,$46.47,$46.55,$44.165
10/26/2021,$46.02,19491760,$46.28,$47.69,$45.86
10/25/2021,$45.72,12955480,$45.67,$46.07,$45.0173
10/22/2021,$45.51,19259200,$46.00,$46.50,$45.23
10/21/2021,$46.47,15741030,$45.97,$47.54,$45.52
10/20/2021,$46.00,15570860,$47.15,$47.54,$45.93
10/19/2021,$47.05,16500200,$47.20,$47.69,$46.74
10/18/2021,$47.07,19806660,$47.68,$47.95,$46.75
10/15/2021,$48.36,20581670,$47.91,$48.84,$47.34
10/14/2021,$47.28,18514020,$46.98,$47.94,$46.84
10/13/2021,$46.41,13754400,$46.26,$47.00,$45.94
10/12/2021,$46.72,12404190,$46.33,$47.05,$46.155
10/11/2021,$46.29,16336780,$47.70,$47.87,$46.28
10/08/2021,$47.77,17980420,$48.08,$48.88,$47.605
10/07/2021,$47.91,25961570,$47.64,$48.2384,$46.89
10/06/2021,$47.01,24868680,$45.33,$47.18,$45.00
10/05/2021,$45.61,12433930,$45.91,$46.08,$45.345
10/04/2021,$45.72,21588150,$46.47,$46.83,$45.20
10/01/2021,$47.05,25428280,$45.915,$47.25,$45.79
09/30/2021,$44.80,16659700,$44.71,$45.365,$43.86
09/29/2021,$44.52,24599490,$46.00,$46.53,$44.30
09/28/2021,$45.98,23707880,$46.70,$47.00,$45.76
09/27/2021,$47.25,23034750,$46.77,$47.43,$46.19
09/24/2021,$46.63,29458270,$45.46,$47.045,$45.291
09/23/2021,$45.48,26232790,$45.35,$45.84,$44.71
09/22/2021,$44.87,56455150,$44.90,$46.62,$44.61
09/21/2021,$44.36,106631700,$42.34,$45.00,$42.18
09/20/2021,$39.79,35417620,$38.88,$40.22,$38.73
09/17/2021,$39.75,32178090,$39.90,$40.225,$39.29
09/16/2021,$39.52,25374020,$38.30,$39.67,$38.09
09/15/2021,$38.48,30368820,$39.00,$39.00,$38.08
09/14/2021,$39.01,36717260,$39.90,$40.10,$38.55
09/13/2021,$40.07,28868760,$40.26,$41.19,$39.26
09/10/2021,$39.89,14230630,$40.62,$40.83,$39.865
09/09/2021,$40.35,14260280,$40.10,$40.95,$39.84
09/08/2021,$40.07,16219950,$40.85,$41.34,$39.83
09/07/2021,$40.95,15708570,$40.49,$41.08,$40.31
09/03/2021,$40.32,15466520,$41.22,$41.575,$40.23
09/02/2021,$41.40,20654220,$40.75,$41.86,$40.5365
09/01/2021,$40.62,27788580,$39.98,$41.665,$39.87
08/31/2021,$39.14,26396000,$39.81,$40.275,$39.125
08/30/2021,$39.59,29516300,$40.58,$40.74,$39.11
08/27/2021,$40.69,13612500,$40.53,$41.31,$40.50
08/26/2021,$40.62,17473360,$41.49,$41.94,$40.54
08/25/2021,$41.55,26498360,$40.44,$42.11,$40.04
08/24/2021,$40.17,44872760,$41.10,$41.21,$39.97
08/23/2021,$41.00,33901260,$39.00,$41.08,$38.84
08/20/2021,$39.95,18080690,$39.69,$40.0799,$39.2399
08/19/2021,$39.86,22471420,$40.28,$40.60,$39.51
08/18/2021,$40.88,13682290,$40.97,$41.53,$40.80
08/17/2021,$41.00,20364440,$41.00,$41.48,$40.58
08/16/2021,$41.50,19250130,$41.76,$41.79,$40.86
08/13/2021,$42.22,8598787,$42.80,$43.03,$42.20
08/12/2021,$42.73,16556290,$42.86,$42.965,$42.18
08/11/2021,$43.08,21766050,$43.41,$43.50,$42.00
08/10/2021,$43.50,26675230,$43.70,$44.24,$43.25
08/09/2021,$43.25,19238410,$44.19,$44.27,$43.21
08/06/2021,$44.28,25514940,$43.74,$44.935,$43.65
08/05/2021,$43.07,60871530,$40.50,$44.65,$40.15
08/04/2021,$41.81,42969150,$42.70,$42.82,$41.37
08/03/2021,$42.79,37622180,$43.56,$43.68,$41.62
08/02/2021,$43.49,26579890,$44.10,$44.29,$43.445
07/30/2021,$43.46,22194940,$44.38,$44.73,$43.34
07/29/2021,$44.69,51033700,$44.12,$45.21,$44.00
07/28/2021,$46.14,19510260,$45.88,$46.9632,$45.81
07/27/2021,$45.82,16874230,$46.54,$46.6599,$44.765
07/26/2021,$46.81,12498000,$47.04,$47.60,$46.37
07/23/2021,$47.46,9540666,$47.61,$47.69,$46.78
07/22/2021,$47.57,11560840,$47.70,$48.17,$47.24
07/21/2021,$47.52,14953650,$46.53,$47.94,$46.35
07/20/2021,$46.32,13851370,$45.46,$46.66,$45.07
07/19/2021,$45.56,20890640,$45.00,$45.7466,$44.435
07/16/2021,$46.19,18224520,$46.40,$47.09,$46.01
07/15/2021,$46.42,17225280,$46.86,$47.46,$46.15
07/14/2021,$47.15,15837010,$48.28,$48.59,$47.11
07/13/2021,$48.08,11283580,$48.49,$48.59,$47.75
07/12/2021,$48.41,14142310,$48.87,$49.29,$48.09
07/09/2021,$49.07,15400980,$47.84,$49.25,$47.71
07/08/2021,$47.55,24930160,$47.16,$48.21,$46.57
07/07/2021,$48.68,24559510,$50.80,$51.03,$48.54
07/06/2021,$50.80,21357830,$50.60,$52.03,$50.40
07/02/2021,$51.71,13698240,$50.57,$51.825,$50.39
07/01/2021,$50.59,17732590,$50.88,$51.60,$50.02
06/30/2021,$50.12,18069430,$51.02,$51.13,$49.71
06/29/2021,$50.76,14104180,$51.00,$51.30,$50.24
06/28/2021,$51.11,22518030,$51.75,$52.36,$50.365
06/25/2021,$51.73,25727830,$51.18,$51.83,$50.53
06/24/2021,$50.82,12403300,$51.30,$51.55,$50.22
06/23/2021,$50.51,19843280,$49.06,$50.77,$49.01
06/22/2021,$49.05,19472460,$48.30,$49.34,$47.75
06/21/2021,$48.12,30752160,$49.72,$49.86,$47.90
06/18/2021,$49.70,20633520,$49.31,$50.39,$48.775
06/17/2021,$49.70,18887260,$48.96,$49.835,$48.31
06/16/2021,$48.89,18975750,$49.35,$49.66,$48.29
06/15/2021,$49.30,20358630,$49.55,$49.955,$49.09
06/14/2021,$50.77,15399160,$50.06,$51.49,$49.56
06/11/2021,$50.01,12127110,$50.03,$50.36,$49.535
06/10/2021,$49.55,14926470,$49.69,$49.895,$48.425
06/09/2021,$49.14,12615210,$50.00,$50.17,$49.11
06/08/2021,$49.88,19672720,$50.70,$51.40,$48.66
06/07/2021,$50.76,16466230,$50.49,$51.22,$49.75
06/04/2021,$50.18,10409830,$49.56,$50.22,$49.07
06/03/2021,$48.70,14712860,$50.43,$50.50,$48.53
06/02/2021,$50.79,13484210,$51.19,$51.41,$50.55
06/01/2021,$50.98,16583750,$51.62,$51.66,$49.84
05/28/2021,$50.83,14226760,$50.675,$51.74,$50.47
05/27/2021,$50.71,51346020,$51.44,$51.69,$48.72
05/26/2021,$51.12,16393710,$50.32,$51.36,$49.76
05/25/2021,$50.46,16930930,$50.74,$51.59,$50.44
05/24/2021,$50.03,16768420,$49.33,$50.40,$48.85
05/21/2021,$48.82,20013220,$49.57,$49.95,$48.76
05/20/2021,$49.33,18822300,$49.57,$49.95,$48.76
05/19/2021,$49.47,16517480,$47.53,$49.83,$47.37
05/18/2021,$49.17,28244450,$49.67,$50.29,$48.525
05/17/2021,$47.51,17466540,$47.24,$47.94,$46.51
05/14/2021,$47.42,25323280,$45.03,$47.71,$44.85
05/13/2021,$44.48,36205110,$44.99,$46.10,$43.5601
05/12/2021,$43.81,32117360,$45.90,$46.105,$43.17
05/11/2021,$46.21,29106920,$44.50,$46.79,$44.182
05/10/2021,$45.79,28309810,$47.71,$47.85,$45.60
05/07/2021,$47.03,27933930,$47.22,$48.60,$46.5346
05/06/2021,$46.65,79242390,$48.39,$49.81,$45.72
05/05/2021,$51.18,28232540,$53.87,$54.07,$50.63
05/04/2021,$52.99,19336650,$54.52,$54.72,$52.01
05/03/2021,$54.85,13903300,$55.12,$56.13,$54.84
04/30/2021,$54.77,16736580,$54.30,$55.65,$54.11
04/29/2021,$54.93,43407950,$59.00,$59.22,$53.11
04/28/2021,$58.44,9269739,$56.88,$58.48,$56.66
04/27/2021,$57.16,12926760,$58.32,$58.40,$57.05
04/26/2021,$57.61,8361602,$58.05,$58.36,$57.33
04/23/2021,$57.93,8763212,$56.56,$57.95,$56.39
04/22/2021,$56.28,16936170,$55.85,$57.2189,$55.19
04/21/2021,$55.77,11523910,$55.00,$56.20,$54.61
04/20/2021,$55.48,19081120,$58.00,$58.12,$55.244
04/19/2021,$57.85,16956890,$60.00,$60.2201,$57.52
04/16/2021,$60.35,11856110,$60.74,$60.85,$59.54
04/15/2021,$60.74,17500180,$59.88,$61.09,$59.5501
04/14/2021,$59.23,18959760,$60.11,$61.50,$59.18
04/13/2021,$60.64,21006090,$59.65,$61.01,$58.53
04/12/2021,$59.44,36041320,$59.05,$60.77,$58.75
04/09/2021,$57.68,10228470,$57.32,$57.88,$56.40
04/08/2021,$57.83,9498507,$56.65,$57.94,$56.54
04/07/2021,$56.89,12921860,$58.02,$58.13,$55.95
04/06/2021,$58.05,13579180,$57.34,$58.99,$57.16
04/05/2021,$57.40,13490250,$58.10,$58.42,$56.64
04/01/2021,$57.60,18703400,$55.61,$57.63,$54.81
03/31/2021,$54.51,14760460,$53.96,$55.18,$53.58
03/30/2021,$53.46,9497186,$52.99,$54.12,$52.64
03/29/2021,$53.35,9724766,$54.80,$54.80,$52.85
03/26/2021,$54.71,13528230,$54.41,$55.25,$53.52
03/25/2021,$53.89,13210740,$52.00,$54.28,$51.80
03/24/2021,$52.57,13700840,$54.46,$54.96,$52.54
03/23/2021,$53.49,14513460,$55.63,$55.63,$53.11
03/22/2021,$55.69,14149410,$57.25,$57.61,$55.47
03/19/2021,$57.08,17396300,$55.48,$57.18,$54.34
03/18/2021,$55.69,15742990,$56.63,$57.48,$55.21
03/17/2021,$56.36,25509930,$57.07,$57.57,$55.54
03/16/2021,$58.85,12885730,$59.99,$61.02,$58.38
03/15/2021,$60.19,14993630,$60.35,$60.53,$59.12
03/12/2021,$60.35,14839310,$58.97,$60.59,$57.62
03/11/2021,$58.95,17293750,$58.80,$59.48,$58.22
03/10/2021,$57.68,27997020,$57.21,$58.90,$56.27
03/09/2021,$55.25,17192940,$56.00,$56.15,$54.72
03/08/2021,$53.20,19912070,$55.50,$56.45,$52.89
03/05/2021,$55.54,31576180,$54.28,$55.83,$50.81
03/04/2021,$53.07,27409570,$55.75,$57.16,$51.61
03/03/2021,$56.11,28485380,$55.93,$57.80,$54.65
03/02/2021,$54.65,15199540,$55.54,$55.62,$54.1894
03/01/2021,$54.40,18481140,$53.67,$54.76,$53.30
02/26/2021,$51.75,16349840,$52.07,$52.75,$50.61
02/25/2021,$51.45,27049080,$54.58,$54.60,$50.86
02/24/2021,$53.91,24626970,$54.95,$55.15,$53.66
02/23/2021,$56.00,23947540,$53.50,$56.37,$51.89
02/22/2021,$55.31,25565420,$57.76,$58.10,$54.8157
02/19/2021,$58.39,28097000,$58.36,$60.4572,$58.113
02/18/2021,$59.00,15135650,$60.00,$60.29,$58.23
02/17/2021,$60.81,12669990,$60.33,$60.95,$58.95
02/16/2021,$60.52,15413080,$61.02,$61.31,$59.84
02/12/2021,$60.63,14607830,$60.12,$60.93,$59.315
02/11/2021,$60.71,41363410,$63.25,$64.05,$60.395
02/10/2021,$63.18,36972930,$62.00,$63.50,$60.80
02/09/2021,$59.61,23510740,$58.91,$61.06,$58.62
02/08/2021,$59.29,18410640,$59.70,$60.11,$58.69
02/05/2021,$58.58,15729170,$58.16,$58.7075,$57.37
02/04/2021,$57.85,13847260,$56.45,$57.85,$56.11
02/03/2021,$57.12,13519010,$57.87,$58.13,$56.74
02/02/2021,$56.46,30286800,$55.11,$58.03,$54.89
02/01/2021,$52.76,15570900,$52.12,$52.90,$51.35
01/29/2021,$50.93,18743230,$50.63,$51.4899,$49.635
01/28/2021,$51.58,28114700,$50.12,$52.52,$49.88
01/27/2021,$48.11,33283420,$49.97,$50.86,$47.15
01/26/2021,$51.92,25677020,$54.62,$55.52,$51.53
01/25/2021,$54.29,40890090,$54.50,$54.52,$49.65
01/22/2021,$54.31,19570510,$55.25,$55.47,$54.01
01/21/2021,$55.79,13432030,$56.57,$57.00,$55.3136
01/20/2021,$56.38,16904340,$57.00,$57.98,$55.47
01/19/2021,$56.30,16953660,$56.39,$56.8424,$55.00
01/15/2021,$55.52,23708800,$57.49,$57.90,$55.00
01/14/2021,$56.91,26561000,$60.00,$60.03,$56.70
01/13/2021,$59.40,24178500,$58.54,$59.88,$57.53
01/12/2021,$58.54,52151410,$55.50,$59.39,$55.00
01/11/2021,$54.59,23213840,$53.11,$55.00,$52.99
01/08/2021,$53.28,37999440,$54.395,$54.79,$52.58
01/07/2021,$56.13,23737540,$53.37,$56.25,$53.20
01/06/2021,$52.48,17738120,$53.31,$54.07,$52.00
01/05/2021,$54.01,21403170,$51.00,$54.19,$50.76
01/04/2021,$51.14,17291800,$52.22,$52.32,$49.635
12/31/2020,$51.00,13282790,$53.28,$53.28,$51.00
12/30/2020,$53.15,9518600,$52.72,$53.85,$52.22
12/29/2020,$52.27,10140560,$52.33,$52.99,$51.47
12/28/2020,$51.97,12058980,$53.02,$53.13,$51.56
12/24/2020,$52.88,6316761,$53.60,$53.625,$52.29
12/23/2020,$53.71,12671110,$53.80,$54.09,$52.99
12/22/2020,$53.78,23885280,$52.11,$54.36,$51.92
12/21/2020,$51.80,23562860,$49.00,$52.35,$48.79
12/18/2020,$50.62,24355170,$50.81,$50.95,$49.52
12/17/2020,$50.63,19688320,$50.59,$51.30,$50.17
12/16/2020,$50.49,19577760,$51.18,$51.68,$50.29
12/15/2020,$51.00,17504740,$52.12,$52.825,$50.87
12/14/2020,$51.46,19048540,$53.27,$53.44,$51.24
12/11/2020,$52.63,16817870,$54.47,$55.025,$52.33
12/10/2020,$54.35,20207660,$52.33,$54.62,$51.30
12/09/2020,$53.79,46777880,$53.98,$56.02,$53.06
12/08/2020,$53.01,26167350,$52.40,$54.22,$52.35
12/07/2020,$53.80,13764430,$54.59,$54.87,$53.65
12/04/2020,$54.86,22207890,$52.71,$54.86,$52.71
12/03/2020,$52.52,13122390,$53.30,$53.49,$52.12
12/02/2020,$53.09,30381460,$49.26,$53.45,$48.53
12/01/2020,$49.63,20619100,$50.00,$51.41,$49.07
11/30/2020,$49.66,17221540,$50.22,$51.005,$48.53
11/27/2020,$50.72,8339157,$50.93,$51.19,$50.20
11/25/2020,$50.80,11641560,$51.27,$51.45,$49.92
11/24/2020,$51.26,16216230,$50.62,$52.15,$50.4838
11/23/2020,$50.04,17147060,$48.66,$50.88,$48.51
11/20/2020,$48.43,17330370,$49.98,$50.75,$48.27
11/19/2020,$49.26,13480260,$49.10,$49.91,$48.65
11/18/2020,$49.11,17783510,$48.77,$49.95,$48.33
11/17/2020,$48.89,16638330,$48.72,$49.62,$48.50
11/16/2020,$49.21,29301710,$48.74,$50.09,$48.48
11/13/2020,$47.61,15569910,$47.11,$47.79,$45.93
11/12/2020,$46.40,16255470,$45.39,$47.47,$45.05
11/11/2020,$46.23,19213690,$46.72,$47.52,$45.91
11/10/2020,$47.00,33079780,$46.74,$49.36,$46.045
11/09/2020,$48.18,61632340,$48.01,$49.62,$47.30
11/06/2020,$44.87,57670670,$42.09,$45.38,$41.62
11/05/2020,$41.96,34177620,$40.33,$42.05,$40.01
11/04/2020,$40.99,101818200,$40.66,$42.15,$39.00
11/03/2020,$35.77,16208780,$35.27,$36.15,$35.15
11/02/2020,$34.81,18350450,$34.15,$35.05,$34.06
10/30/2020,$33.41,13508510,$33.91,$34.3903,$33.155
10/29/2020,$34.06,13735350,$33.71,$34.935,$33.33
10/28/2020,$33.65,15787860,$33.62,$33.66,$32.90
10/27/2020,$34.16,13692120,$35.51,$35.70,$34.02
10/26/2020,$35.49,12511720,$36.50,$36.74,$35.12
10/23/2020,$36.75,15960600,$36.50,$36.99,$35.9238
10/22/2020,$36.70,14243610,$35.42,$36.89,$34.9146
10/21/2020,$35.20,19058730,$36.25,$36.25,$34.8751
10/20/2020,$36.31,29820700,$34.53,$36.76,$34.53
10/19/2020,$34.22,19278580,$34.16,$34.59,$34.00
10/16/2020,$33.72,14904330,$34.78,$34.80,$33.61
10/15/2020,$34.26,15449850,$34.68,$34.81,$34.02
10/14/2020,$35.11,15402930,$35.69,$36.09,$35.075
10/13/2020,$35.56,15463090,$36.22,$36.23,$35.02
10/12/2020,$36.26,16569420,$37.56,$37.56,$36.175
10/09/2020,$37.27,13172030,$37.91,$38.35,$37.19
10/08/2020,$37.34,12212370,$37.00,$37.83,$36.96
10/07/2020,$36.78,13782140,$36.59,$37.11,$36.365
10/06/2020,$36.26,13074680,$37.17,$37.37,$36.04
10/05/2020,$37.14,13093070,$37.70,$38.00,$36.88
10/02/2020,$37.72,20123450,$36.00,$37.99,$35.94
10/01/2020,$37.14,19187500,$36.86,$37.8282,$36.58
09/30/2020,$36.48,21386310,$35.28,$36.50,$35.28
09/29/2020,$35.43,16503440,$35.56,$35.65,$34.595
09/28/2020,$35.56,22878430,$35.80,$36.625,$35.26
09/25/2020,$34.46,10736300,$33.20,$34.50,$33.20
09/24/2020,$33.35,16404060,$33.66,$34.00,$32.89
09/23/2020,$33.55,15796890,$34.45,$34.805,$33.40
09/22/2020,$34.40,28242760,$36.53,$36.55,$34.10
09/21/2020,$36.49,19100810,$35.86,$36.58,$35.12
09/18/2020,$37.12,68428610,$37.15,$37.565,$36.39
09/17/2020,$37.06,23534830,$36.68,$37.445,$36.14
09/16/2020,$37.66,21786590,$37.39,$38.52,$37.39
09/15/2020,$37.47,23532580,$37.95,$38.48,$37.27
09/14/2020,$37.95,28016040,$37.10,$38.00,$37.08
09/11/2020,$36.98,27130920,$36.30,$37.145,$36.254
09/10/2020,$35.98,35468320,$35.20,$36.78,$35.19
09/09/2020,$35.01,22803540,$34.11,$35.50,$34.11
09/08/2020,$34.32,33683490,$32.36,$35.10,$32.16
09/04/2020,$33.24,17480620,$33.33,$33.65,$31.55
09/03/2020,$33.41,17288820,$34.08,$34.74,$32.95
09/02/2020,$34.37,16552690,$34.21,$34.505,$33.29
09/01/2020,$34.30,16026170,$33.45,$34.51,$33.145
08/31/2020,$33.63,14980620,$33.62,$33.92,$33.1401
08/28/2020,$33.80,17833020,$33.00,$33.94,$32.82
08/27/2020,$32.80,21306490,$32.40,$33.07,$32.27
08/26/2020,$32.30,20599780,$31.01,$32.71,$30.95
08/25/2020,$31.19,10056760,$31.04,$31.19,$30.60
08/24/2020,$31.04,17406240,$30.97,$31.30,$30.37
08/21/2020,$30.83,20217000,$31.39,$31.82,$30.7144
08/20/2020,$31.41,56663350,$29.13,$31.70,$28.48
08/19/2020,$29.42,14050330,$30.15,$30.349,$29.39
08/18/2020,$30.08,29398210,$29.50,$30.46,$29.41
08/17/2020,$29.48,18544680,$30.05,$30.12,$29.14
08/14/2020,$29.99,17631630,$30.40,$30.49,$29.815
08/13/2020,$30.46,21976780,$30.52,$31.33,$30.32
08/12/2020,$30.84,23415150,$31.46,$32.22,$30.69
08/11/2020,$31.21,31569920,$31.66,$32.21,$30.65
08/10/2020,$32.27,21347590,$33.04,$33.18,$31.51
08/07/2020,$32.90,39071190,$33.09,$33.70,$32.45
08/06/2020,$34.71,38601490,$33.27,$34.795,$33.21
08/05/2020,$33.20,17279010,$33.10,$33.32,$32.50
08/04/2020,$32.68,21958140,$31.17,$32.845,$31.17
08/03/2020,$31.19,17084300,$30.24,$31.295,$30.06
07/31/2020,$30.26,16361000,$30.40,$30.42,$29.785
07/30/2020,$30.24,13062910,$30.65,$30.68,$29.97
07/29/2020,$31.02,8215892,$30.92,$31.26,$30.77
07/28/2020,$30.81,12977150,$30.79,$31.24,$30.35
07/27/2020,$30.99,10182300,$31.21,$31.60,$30.75
07/24/2020,$31.18,16896060,$31.74,$31.80,$30.47
07/23/2020,$32.17,12749770,$32.33,$33.02,$31.983
07/22/2020,$32.66,12128380,$32.44,$32.88,$32.33
07/21/2020,$32.55,16743290,$34.16,$34.23,$32.53
07/20/2020,$33.66,16213610,$32.48,$33.925,$32.35
07/17/2020,$32.55,13667900,$32.58,$32.8162,$31.85
07/16/2020,$32.35,11090750,$32.05,$32.59,$31.55
07/15/2020,$32.81,20976520,$32.10,$32.97,$31.68
07/14/2020,$30.93,21781830,$31.35,$31.38,$30.48
07/13/2020,$31.72,19604820,$33.21,$33.60,$31.66
07/10/2020,$33.14,13586290,$33.14,$33.55,$32.65
07/09/2020,$33.15,25061820,$34.24,$34.46,$32.2599
07/08/2020,$33.93,24602370,$33.21,$33.97,$32.68
07/07/2020,$32.82,34874660,$32.46,$33.5598,$32.39
07/06/2020,$32.52,42392220,$33.10,$33.20,$31.76
07/02/2020,$30.68,14981140,$31.02,$31.57,$30.51
07/01/2020,$30.43,13611540,$30.96,$31.265,$30.1622
06/30/2020,$31.08,21282810,$30.83,$31.25,$30.13
06/29/2020,$29.63,20795400,$29.51,$29.75,$28.39
06/26/2020,$29.61,46482330,$30.44,$30.44,$29.2099
06/25/2020,$30.58,19142790,$30.00,$30.855,$29.56
06/24/2020,$30.46,29477230,$32.75,$32.93,$30.455
06/23/2020,$33.05,13622130,$32.88,$33.21,$32.5901
06/22/2020,$32.68,17790280,$32.43,$32.85,$31.43
06/19/2020,$32.30,29426290,$33.98,$34.02,$32.27
06/18/2020,$33.40,15495840,$33.00,$33.44,$32.80
06/17/2020,$33.29,14827740,$33.50,$33.595,$33.011
06/16/2020,$33.49,21377120,$34.00,$34.17,$32.43
06/15/2020,$32.67,21350290,$31.16,$32.68,$31.0201
06/12/2020,$32.24,27685170,$32.73,$32.74,$31.04
06/11/2020,$31.10,45298710,$32.63,$33.245,$30.8904
06/10/2020,$34.83,43473720,$36.69,$36.80,$34.265
06/09/2020,$36.59,15127270,$36.70,$37.33,$36.25
06/08/2020,$37.08,30099530,$37.87,$37.90,$36.09
06/05/2020,$37.21,30393430,$37.53,$38.7825,$36.92
06/04/2020,$36.43,17423580,$36.42,$37.30,$36.28
06/03/2020,$36.75,23051780,$36.20,$37.3678,$36.14
06/02/2020,$35.81,19328420,$36.16,$36.42,$35.26
06/01/2020,$35.82,21893810,$35.64,$36.39,$35.16
05/29/2020,$36.32,72422930,$34.18,$36.45,$34.00
05/28/2020,$34.15,21959580,$34.90,$35.10,$33.82
05/27/2020,$34.88,27514550,$34.42,$35.00,$33.10
05/26/2020,$34.56,23483220,$35.97,$36.00,$34.50
05/22/2020,$34.83,18675680,$34.15,$34.93,$33.57
05/21/2020,$34.26,24075310,$34.45,$35.01,$33.47
05/20/2020,$34.48,21386700,$34.12,$34.77,$33.82
05/19/2020,$33.40,20223570,$33.68,$34.00,$32.86
05/18/2020,$33.62,47561740,$33.70,$36.00,$32.99
05/15/2020,$32.47,25949970,$32.26,$32.89,$31.59
05/14/2020,$32.79,32912580,$32.53,$33.0399,$31.24
05/13/2020,$33.02,47279490,$32.30,$33.06,$30.83
05/12/2020,$32.40,89585970,$31.42,$34.45,$30.41
05/11/2020,$31.64,26439190,$31.98,$32.385,$31.41
05/08/2020,$32.79,69525790,$32.59,$33.30,$31.64
05/07/2020,$30.93,62229500,$29.60,$31.65,$29.58
05/06/2020,$27.82,31076450,$27.50,$28.06,$26.81
05/05/2020,$28.07,30725370,$28.25,$28.9088,$27.44
05/04/2020,$27.42,23428330,$27.56,$28.07,$26.58
05/01/2020,$28.39,19290190,$29.13,$29.72,$28.325
04/30/2020,$30.27,20095400,$30.50,$31.05,$29.75
04/29/2020,$31.37,28288120,$31.00,$32.00,$30.33
04/28/2020,$30.12,27383200,$31.00,$31.83,$29.36
04/27/2020,$30.08,31705830,$29.74,$30.49,$29.4112
04/24/2020,$29.49,20648860,$28.51,$29.59,$28.14
04/23/2020,$28.33,26992380,$28.75,$29.25,$28.2414
04/22/2020,$28.24,21222360,$27.97,$28.56,$27.51
04/21/2020,$27.19,20969120,$27.50,$28.15,$26.60
04/20/2020,$28.19,32224040,$27.07,$28.76,$26.90
04/17/2020,$28.00,34129830,$28.69,$28.79,$27.26
04/16/2020,$27.03,24088740,$27.21,$28.05,$26.46
04/15/2020,$27.41,18720880,$26.82,$27.79,$26.44
04/14/2020,$27.75,32625330,$28.00,$28.77,$27.013
04/13/2020,$27.99,24671570,$27.04,$28.08,$26.47
04/09/2020,$27.11,36189610,$27.88,$28.89,$26.46
04/08/2020,$26.94,36166870,$26.00,$27.8781,$25.79
04/07/2020,$25.74,36433760,$27.95,$28.11,$25.50
04/06/2020,$25.99,34692630,$24.13,$26.09,$23.93
04/03/2020,$22.82,40572020,$23.73,$23.79,$21.67
04/02/2020,$23.68,35838240,$25.01,$25.20,$23.00
04/01/2020,$25.42,38538380,$26.50,$26.767,$24.8101
03/31/2020,$27.92,43126370,$27.75,$28.25,$26.92
03/30/2020,$27.83,37725660,$26.33,$28.39,$25.31
03/27/2020,$27.28,40292210,$25.82,$28.03,$25.07
03/26/2020,$28.12,41370840,$26.60,$28.44,$25.78
03/25/2020,$26.19,52473950,$26.18,$28.45,$25.3104
03/24/2020,$26.39,58505020,$24.41,$26.84,$23.59
03/23/2020,$22.40,47787090,$21.07,$22.73,$19.73
03/20/2020,$21.33,76529680,$22.53,$23.89,$20.61
03/19/2020,$20.49,83988720,$15.96,$21.26,$15.70
03/18/2020,$14.82,78286210,$17.76,$17.80,$13.71
03/17/2020,$18.91,60003890,$20.18,$20.31,$18.01
03/16/2020,$20.29,56913950,$20.15,$21.49,$19.10
03/13/2020,$22.60,53844420,$24.01,$24.81,$21.13
03/12/2020,$22.61,54041980,$23.26,$24.69,$22.11
03/11/2020,$26.24,43212770,$27.91,$28.14,$25.61
03/10/2020,$28.97,36308320,$29.47,$29.86,$27.00
03/09/2020,$28.17,37439160,$28.50,$30.32,$28.15
03/06/2020,$31.68,34808730,$31.23,$32.41,$30.45
03/05/2020,$32.21,32764550,$33.47,$33.57,$31.97
03/04/2020,$34.53,44738640,$33.93,$35.34,$32.28
03/03/2020,$33.04,35182370,$34.02,$34.18,$31.90
03/02/2020,$32.85,46662020,$34.05,$34.08,$31.74
02/28/2020,$33.87,52100200,$31.81,$34.29,$31.00
02/27/2020,$32.45,66557250,$32.03,$34.16,$30.67
02/26/2020,$34.45,44108920,$35.53,$36.165,$33.89
02/25/2020,$35.89,49281560,$38.90,$39.15,$35.50
02/24/2020,$38.31,37123160,$38.21,$39.14,$37.75
02/21/2020,$40.72,20600620,$40.89,$40.89,$40.05
02/20/2020,$40.92,25446390,$41.00,$41.19,$39.85
02/19/2020,$41.05,23287330,$40.42,$41.23,$40.115
02/18/2020,$40.18,22168470,$39.49,$40.27,$39.45
02/14/2020,$39.66,32014220,$40.02,$40.31,$38.70
02/13/2020,$40.09,23850950,$40.93,$41.55,$40.00
02/12/2020,$41.25,26444890,$41.50,$41.86,$41.065
02/11/2020,$41.27,33895960,$40.25,$41.465,$40.05
02/10/2020,$40.01,60840790,$40.65,$41.34,$39.96
02/07/2020,$40.63,112325800,$39.98,$41.00,$38.86
02/06/2020,$37.09,52699340,$37.30,$37.39,$36.73
02/05/2020,$36.81,38413310,$38.89,$38.97,$36.735
02/04/2020,$38.53,32425930,$37.87,$38.99,$37.26
02/03/2020,$37.59,23537340,$36.75,$37.64,$36.53
01/31/2020,$36.29,21553670,$37.00,$37.04,$35.69
01/30/2020,$36.68,22846950,$36.82,$37.1319,$35.95
01/29/2020,$36.99,16882300,$36.98,$37.565,$36.80
01/28/2020,$37.01,28973960,$37.14,$37.33,$36.04
01/27/2020,$36.30,18817970,$35.23,$36.65,$34.19
01/24/2020,$36.80,21598010,$37.50,$37.665,$36.25
01/23/2020,$37.40,21365950,$36.97,$37.95,$36.725
01/22/2020,$37.04,29765240,$37.94,$37.94,$36.92
01/21/2020,$37.60,48746660,$35.50,$37.80,$35.41
01/17/2020,$35.13,17251230,$34.97,$35.25,$34.65
01/16/2020,$34.68,21955290,$35.03,$35.06,$34.18
01/15/2020,$35.01,20762170,$34.90,$35.1493,$34.51
01/14/2020,$34.84,26029810,$34.20,$35.02,$33.92
01/13/2020,$34.14,16833140,$34.29,$34.34,$33.55
01/10/2020,$34.01,34276990,$34.08,$34.99,$33.835
01/09/2020,$33.97,29407620,$34.45,$34.47,$33.22
01/08/2020,$33.93,43955450,$32.73,$34.52,$32.46
01/07/2020,$32.81,30268970,$31.79,$32.84,$31.36
01/06/2020,$31.58,21215870,$31.01,$32.06,$31.00
01/03/2020,$31.37,18831450,$30.62,$31.43,$30.48
01/02/2020,$30.99,20583240,$29.94,$31.00,$29.79
12/31/2019,$29.74,16233060,$29.11,$29.95,$28.90
12/30/2019,$29.74,18812850,$30.13,$30.20,$29.35
12/27/2019,$30.17,18465970,$30.80,$31.06,$30.17
12/26/2019,$30.67,22224500,$30.47,$30.79,$30.03
12/24/2019,$30.44,12938590,$30.33,$30.84,$30.11
12/23/2019,$30.33,31212260,$30.49,$30.94,$29.83
12/20/2019,$30.45,95461690,$30.10,$31.03,$29.85
12/19/2019,$29.99,33816870,$29.84,$30.17,$29.5301
12/18/2019,$30.13,35389840,$29.62,$30.14,$29.34
12/17/2019,$29.75,38254270,$30.37,$30.42,$29.53
12/16/2019,$30.05,57408200,$29.11,$30.13,$29.10
12/13/2019,$28.49,25439340,$28.58,$28.84,$28.27
12/12/2019,$28.69,23581480,$28.29,$28.75,$28.19
12/11/2019,$28.42,23286550,$27.99,$28.545,$27.8497
12/10/2019,$27.89,23604940,$27.73,$27.993,$27.605
12/09/2019,$27.68,21098390,$27.96,$28.36,$27.68
12/06/2019,$27.86,33144370,$28.40,$28.925,$27.8001
12/05/2019,$28.65,22567270,$28.94,$28.99,$28.18
12/04/2019,$29.06,22526470,$29.10,$29.20,$28.70
12/03/2019,$29.02,25389160,$28.20,$29.33,$28.15
12/02/2019,$28.98,17423900,$29.32,$29.525,$28.70
11/29/2019,$29.60,8115145,$29.41,$29.85,$29.25
11/27/2019,$29.49,22463870,$29.42,$29.59,$28.88
11/26/2019,$29.53,29590490,$29.49,$30.15,$29.36
11/25/2019,$29.11,37571610,$28.69,$29.60,$28.38
11/22/2019,$29.56,44383880,$29.84,$30.13,$29.21
11/21/2019,$29.46,55658630,$28.67,$29.60,$28.50
11/20/2019,$28.03,54075770,$27.06,$28.40,$26.945
11/19/2019,$27.05,34115870,$26.77,$27.22,$26.61
11/18/2019,$26.75,37309670,$26.80,$27.00,$26.30
11/15/2019,$26.79,41372770,$26.18,$26.80,$25.955
11/14/2019,$25.99,28027880,$26.80,$26.86,$25.665
11/13/2019,$26.71,34512660,$26.47,$26.82,$26.14
11/12/2019,$26.70,37095390,$27.38,$27.66,$26.66
11/11/2019,$27.14,41445730,$27.03,$27.21,$26.23
11/08/2019,$27.01,45263120,$27.48,$27.62,$26.915
11/07/2019,$27.38,65949470,$26.80,$27.42,$26.45
11/06/2019,$26.94,133569800,$26.06,$27.55,$25.58
11/05/2019,$28.02,52180620,$29.13,$29.30,$27.97
11/04/2019,$31.08,32330120,$31.45,$31.75,$30.12
11/01/2019,$31.37,10460430,$31.45,$31.70,$30.7412
10/31/2019,$31.50,16130020,$33.23,$33.36,$31.26
10/30/2019,$33.75,10861060,$32.51,$33.80,$32.11
10/29/2019,$32.42,9357355,$32.37,$32.92,$31.8146
10/28/2019,$33.22,8073107,$32.90,$33.355,$32.50
10/25/2019,$32.71,8106804,$33.20,$33.48,$32.61
10/24/2019,$33.28,6789619,$33.00,$33.42,$32.51
10/23/2019,$33.05,6843199,$32.87,$33.27,$32.17
10/22/2019,$32.53,19244280,$31.41,$33.89,$30.22
10/21/2019,$31.41,7232322,$31.95,$32.2828,$31.185
10/18/2019,$32.06,8074207,$32.55,$32.66,$31.27
10/17/2019,$32.62,7239293,$31.80,$32.93,$31.45
10/16/2019,$31.87,7802690,$31.80,$32.38,$31.4376
10/15/2019,$32.00,7904528,$31.20,$32.17,$31.195
10/14/2019,$31.12,7966943,$30.22,$31.54,$29.8186
10/11/2019,$30.13,10298620,$28.95,$30.40,$28.94
10/10/2019,$28.87,7797845,$29.21,$29.28,$28.58
10/09/2019,$29.07,7162775,$29.62,$29.62,$28.81
10/08/2019,$29.28,7806911,$30.01,$30.15,$29.17
10/07/2019,$30.37,10151450,$30.60,$30.75,$29.83
10/04/2019,$29.67,8633938,$29.90,$30.18,$28.90
10/03/2019,$29.72,9461973,$28.97,$29.88,$28.52
10/02/2019,$29.00,9371270,$28.67,$29.55,$28.31
10/01/2019,$29.15,13448060,$30.37,$30.51,$28.65
09/30/2019,$30.47,5021190,$30.40,$30.735,$30.17
09/27/2019,$30.29,11875120,$31.71,$31.90,$30.13
09/26/2019,$31.57,6062457,$31.72,$32.13,$31.13
09/25/2019,$31.68,7879880,$31.27,$31.72,$30.76
09/24/2019,$31.30,10625790,$33.00,$33.1453,$31.01
09/23/2019,$33.00,5526412,$32.52,$33.01,$32.06
09/20/2019,$32.60,12026860,$33.98,$34.2173,$32.50
09/19/2019,$33.82,6884274,$34.20,$34.64,$33.68
09/18/2019,$34.26,6624433,$34.35,$34.89,$33.75
09/17/2019,$34.29,5588258,$34.75,$34.75,$33.55
09/16/2019,$34.43,7942590,$33.60,$34.80,$33.47
09/13/2019,$33.25,9428551,$34.25,$34.435,$32.94
09/12/2019,$34.07,7734849,$34.14,$34.4862,$33.33
09/11/2019,$34.00,14715770,$33.38,$35.14,$33.02
09/10/2019,$33.51,10817140,$32.00,$33.74,$31.65
09/09/2019,$32.24,7448418,$32.05,$32.39,$31.46
09/06/2019,$31.86,7035967,$32.71,$32.74,$31.41
09/05/2019,$32.51,7938083,$32.33,$33.03,$32.25
09/04/2019,$31.99,10367330,$30.91,$32.36,$30.85
09/03/2019,$30.70,12194310,$32.10,$32.53,$30.665
08/30/2019,$32.57,6636847,$33.00,$33.13,$32.04
08/29/2019,$32.76,5811175,$32.90,$33.30,$32.60
08/28/2019,$32.59,6261038,$32.56,$33.05,$32.26
08/27/2019,$33.11,6596129,$33.69,$34.24,$32.98
08/26/2019,$33.31,5669714,$33.67,$33.83,$33.06
08/23/2019,$33.43,8186706,$33.65,$34.23,$33.12
08/22/2019,$34.00,8516485,$34.80,$34.91,$33.52
08/21/2019,$34.91,7949074,$35.50,$35.83,$34.75
08/20/2019,$35.29,10766390,$34.48,$36.07,$34.39
08/19/2019,$34.61,10853130,$35.53,$35.80,$34.37
08/16/2019,$35.23,13883150,$33.46,$35.48,$33.40
08/15/2019,$33.22,13265790,$34.52,$34.55,$32.92
08/14/2019,$33.96,24481640,$36.00,$36.2999,$33.36
08/13/2019,$36.45,19031420,$37.00,$37.46,$36.12
08/12/2019,$37.00,21231430,$39.83,$39.95,$37.00
08/09/2019,$40.05,35138780,$39.56,$40.68,$38.71
08/08/2019,$42.97,29610460,$41.98,$43.00,$41.25
08/07/2019,$39.70,8896039,$39.06,$39.99,$38.32
08/06/2019,$39.15,8570273,$39.68,$40.808,$38.36
08/05/2019,$39.05,9799269,$39.35,$39.42,$38.4325
08/02/2019,$40.40,8225677,$41.03,$41.06,$39.95
08/01/2019,$41.31,7349740,$42.14,$42.5355,$41.00
07/31/2019,$42.14,5970774,$42.60,$42.98,$41.84
07/30/2019,$42.59,7686342,$43.71,$43.74,$42.49
07/29/2019,$43.88,8652204,$45.00,$45.627,$43.12
07/26/2019,$44.52,7598828,$43.42,$44.96,$43.39
07/25/2019,$43.40,4411991,$43.72,$43.96,$43.21
07/24/2019,$43.76,3775677,$43.36,$43.87,$43.36
07/23/2019,$43.36,5110090,$43.75,$44.31,$43.11
07/22/2019,$43.69,3822276,$43.25,$43.72,$43.01
07/19/2019,$43.18,4021018,$43.90,$44.086,$43.16
07/18/2019,$43.71,4123615,$43.50,$43.85,$43.19
07/17/2019,$43.62,5854149,$44.06,$44.35,$43.52
07/16/2019,$44.13,5613321,$44.60,$44.98,$44.02
07/15/2019,$44.53,5811160,$44.20,$44.70,$43.97
07/12/2019,$43.99,8760526,$44.16,$44.24,$43.39
07/11/2019,$43.99,8050856,$44.10,$44.29,$43.31
07/10/2019,$43.70,9746505,$44.48,$44.80,$43.56
07/09/2019,$44.20,5251564,$43.18,$44.23,$42.98
07/08/2019,$42.95,9304101,$43.59,$43.85,$42.75
07/05/2019,$43.53,8239452,$44.31,$44.55,$43.01
07/03/2019,$44.23,3380003,$44.00,$44.46,$43.79
07/02/2019,$44.00,11881270,$44.55,$44.68,$43.75
07/01/2019,$44.27,17740000,$46.98,$47.04,$44.06
06/28/2019,$46.38,28657000,$45.10,$47.08,$45.08
06/27/2019,$45.13,20155080,$43.35,$45.30,$43.20
06/26/2019,$42.50,8109056,$43.25,$43.40,$42.36
06/25/2019,$43.09,5755107,$43.28,$43.79,$42.4431
06/24/2019,$43.09,5985052,$44.00,$44.07,$42.82
06/21/2019,$44.00,4973987,$43.85,$44.14,$43.38
06/20/2019,$43.86,9567367,$45.03,$45.29,$43.51
06/19/2019,$44.86,10331520,$44.46,$45.50,$43.95
06/18/2019,$43.86,7313602,$44.30,$44.89,$43.75
06/17/2019,$43.78,6557589,$43.28,$44.079,$42.93
06/14/2019,$43.23,7902223,$44.75,$44.80,$43.11
06/13/2019,$44.31,10178940,$43.05,$44.35,$42.80
06/12/2019,$42.17,5965250,$42.52,$42.65,$41.71
06/11/2019,$42.45,9095044,$43.22,$43.65,$41.80
06/10/2019,$42.61,11618700,$44.02,$44.59,$42.53
06/07/2019,$44.16,12654670,$44.92,$45.67,$44.13
06/06/2019,$44.92,16403690,$45.00,$45.75,$44.28
06/05/2019,$45.00,28609600,$42.87,$45.66,$42.50
06/04/2019,$42.75,23432140,$42.56,$42.88,$40.70
06/03/2019,$41.25,16605260,$40.744,$41.85,$40.24
05/31/2019,$40.41,23209850,$41.15,$41.57,$39.41
05/30/2019,$39.80,26451860,$40.07,$40.38,$39.50
05/29/2019,$39.94,14060450,$40.52,$40.71,$39.1473
05/28/2019,$40.95,13391610,$41.70,$41.80,$40.60
05/24/2019,$41.51,8786751,$41.28,$41.51,$40.50
05/23/2019,$40.47,11119870,$40.80,$41.09,$40.02
05/22/2019,$41.25,9089469,$41.05,$41.28,$40.50
05/21/2019,$41.50,10802850,$42.00,$42.24,$41.25
05/20/2019,$41.59,29222330,$41.19,$41.68,$39.46
05/17/2019,$41.91,20225690,$41.98,$43.29,$41.27
05/16/2019,$43.00,38115520,$41.48,$44.06,$41.25
05/15/2019,$41.29,36086070,$39.37,$41.88,$38.95
05/14/2019,$39.96,46661150,$38.31,$39.96,$36.85
05/13/2019,$37.10,79442420,$38.79,$39.24,$36.08
05/10/2019,$41.57,186322500,$42.00,$45.00,$41.06
